[
  {
    "ContactID": 4,
    "Name": "ahmed",
    "Mobil": "654897651",
    "Email": "kldsjfd@test.com"
  },
  {
    "ContactID": 2,
    "Name": "asma",
    "Mobil": "65186526",
    "Email": "yhjc@test.com"
  },
  {
    "ContactID": 6,
    "Name": "kais",
    "Mobil": "6548953",
    "Email": "kljdf@tesh.com"
  },
  {
    "ContactID": 5,
    "Name": "karim",
    "Mobil": "64979531",
    "Email": "kdhk@test.com"
  },
  {
    "ContactID": 7,
    "Name": "maryem",
    "Mobil": "9864131746",
    "Email": "lqkdjf@ujgsf.com"
  },
  {
    "ContactID": 1,
    "Name": "mohamed",
    "Mobil": "54286532",
    "Email": "test@test.com"
  },
  {
    "ContactID": 8,
    "Name": "rami",
    "Mobil": "654897652",
    "Email": "kdhfkd@gmail.com"
  },
  {
    "ContactID": 3,
    "Name": "sami",
    "Mobil": "653428974516",
    "Email": "udsfjqzd@kjh.com"
  },
  {
    "ContactID": 9,
    "Name": "bassem",
    "Mobil": "65497853",
    "Email": "kjdnhfkd@yghdg.com"
  }
]